direction,abs_z_lo,abs_z_hi,n,hits,realized,mean_p,wilson_lo95,k,q,train_k,train_q,oos_n_test,oos_realized_test,oos_priced_test,oos_pass
down,0,0.25,1354,1143,0.844165,0.88187998,0.827268,1.0000,0.85969047,1.0000,0.86646843,801,0.845194,0.883862,True
down,0.25,0.5,2132,1375,0.644934,0.71246809,0.627714,1.0000,0.66178774,1.0000,0.67858892,972,0.631687,0.713659,True
down,0.5,0.75,2758,1162,0.421320,0.53324908,0.405939,1.0000,0.43685471,1.0000,0.44191778,1349,0.422535,0.540925,True
down,0.75,1,4243,1209,0.284940,0.39764079,0.273681,1.0000,0.29647240,1.0000,0.31776240,1695,0.258407,0.387664,True
down,1,1.25,4437,738,0.166329,0.26552832,0.157337,1.0000,0.17572663,1.0000,0.19794083,2440,0.152459,0.268219,True
down,1.25,1.5,4532,510,0.112533,0.17052945,0.105042,1.0000,0.12048687,1.0000,0.13176957,2124,0.103578,0.168162,True
down,1.5,1.75,6447,447,0.069335,0.10764957,0.064309,1.0000,0.07472107,1.0000,0.08853517,3139,0.057662,0.107235,True
down,1.75,2,3731,206,0.055213,0.06380761,0.049379,1.0000,0.06169199,1.0550,0.06732375,1607,0.051027,0.069920,True
down,2,2.25,4754,169,0.035549,0.03495517,0.031389,1.1511,0.04023707,1.3828,0.04943125,2314,0.028522,0.049603,True
down,2.25,2.5,4808,114,0.023710,0.01861226,0.020360,1.4827,0.02759641,1.7469,0.03238955,2356,0.020798,0.034909,True
down,2.5,2.75,3535,71,0.020085,0.00881415,0.016555,2.7625,0.02434889,3.0791,0.02783027,1760,0.018750,0.029157,True
down,2.75,3,3136,50,0.015944,0.00426475,0.012660,4.7042,0.02006228,5.5312,0.02381318,1685,0.014837,0.024714,True
down,3,3.25,3692,29,0.007855,0.00187136,0.005799,5.6810,0.01063111,7.4889,0.01499177,1932,0.005694,0.016210,True
down,3.25,3.5,3505,22,0.006277,0.00077145,0.004431,10.0000,0.00888377,10.0000,0.01128035,1916,0.005741,0.015504,True
down,3.5,3.75,2899,22,0.007589,0.00031382,0.005359,10.0000,0.01073735,10.0000,0.01550441,1429,0.004899,0.014241,True
down,3.75,4,2358,10,0.004241,0.00010855,0.002537,10.0000,0.00708119,10.0000,0.00765009,845,0.004734,0.008206,True
down,4,5,11719,41,0.003499,0.00001660,0.002709,10.0000,0.00451753,10.0000,0.00591268,5858,0.002731,0.005744,True
down,5,7,16520,18,0.001090,0.00000006,0.000741,10.0000,0.00160128,10.0000,0.00204817,7749,0.000903,0.002236,True
down,7,inf,95440,4,0.000042,0.00000000,0.000019,10.0000,0.00009335,10.0000,0.00016316,49437,0.000020,0.000175,True
up,0,0.25,1384,1173,0.847543,0.86896035,0.830973,1.0000,0.86275751,1.0174,0.88167471,815,0.839264,0.885769,True
up,0.25,0.5,2213,1365,0.616810,0.69719044,0.599678,1.0000,0.63365619,1.0000,0.66395585,1025,0.588293,0.695383,True
up,0.5,0.75,2920,1178,0.403425,0.51977953,0.388588,1.0000,0.41844050,1.0000,0.44924148,1409,0.376863,0.525969,True
up,0.75,1,4361,1138,0.260949,0.38875093,0.250162,1.0000,0.27203344,1.0000,0.29565971,1766,0.231597,0.377424,True
up,1,1.25,4539,760,0.167438,0.26033499,0.158521,1.0000,0.17675085,1.0000,0.20938564,2459,0.144368,0.264268,True
up,1.25,1.5,4851,489,0.100804,0.16599370,0.093915,1.0000,0.10813811,1.0000,0.12117911,2257,0.089499,0.164983,True
up,1.5,1.75,6471,493,0.076186,0.10625051,0.070937,1.0000,0.08178959,1.0000,0.09247416,3146,0.067705,0.106691,True
up,1.75,2,3932,161,0.040946,0.06066003,0.036056,1.0000,0.04646767,1.0000,0.04581136,1629,0.044199,0.062645,True
up,2,2.25,5133,196,0.038184,0.03346276,0.034022,1.2800,0.04283292,1.5741,0.05291920,2651,0.031309,0.052833,True
up,2.25,2.5,4445,98,0.022047,0.01821417,0.018705,1.4259,0.02597119,1.5569,0.02850492,2084,0.021113,0.030707,True
up,2.5,2.75,3662,66,0.018023,0.00850500,0.014747,2.5880,0.02201093,2.5834,0.02240125,1913,0.019341,0.023652,True
up,2.75,3,3446,39,0.011317,0.00406820,0.008713,3.6105,0.01468835,3.9077,0.01565918,1610,0.011801,0.020947,True
up,3,3.25,3676,42,0.011425,0.00182496,0.008880,8.0491,0.01468928,10.0000,0.02064712,2171,0.009212,0.020842,True
up,3.25,3.5,3623,35,0.009661,0.00077549,0.007330,10.0000,0.01272325,10.0000,0.01498328,1862,0.009130,0.014429,True
up,3.5,3.75,2816,16,0.005682,0.00029468,0.003780,10.0000,0.00853281,10.0000,0.00477756,1248,0.010417,0.006494,False
up,3.75,4,3216,14,0.004353,0.00010515,0.002816,10.0000,0.00672353,10.0000,0.00508360,1199,0.007506,0.005595,False
up,4,5,11601,42,0.003620,0.00001511,0.002812,10.0000,0.00466049,10.0000,0.00559543,6033,0.003315,0.005099,True
up,5,7,17358,23,0.001325,0.00000006,0.000942,10.0000,0.00186347,10.0000,0.00156848,8310,0.001805,0.001781,False
up,7,inf,92353,17,0.000184,0.00000000,0.000124,10.0000,0.00027359,10.0000,0.00010065,47821,0.000335,0.000110,False
