horizon,direction,abs_z_lo,abs_z_hi,old_n_test,old_hits_test,old_priced_test,old_pass,n_test,hits_test,expected_test,realized_test,v4_priced_test,v4_pass
1h,down,0,1,562,140,0.400717,True,562,140,225.2028,0.249110,0.400717,True
1h,down,1,2,5611,469,0.149900,True,5611,469,827.2755,0.083586,0.149900,True
1h,down,2,3,5543,117,0.036182,True,5543,117,98.9441,0.021108,0.036182,True
1h,down,3,4,4454,27,0.015312,True,4454,27,4.2099,0.006062,0.015312,True
1h,down,4,7,10106,22,0.004592,True,10106,22,0.0572,0.002177,0.004592,True
1h,down,7,inf,42236,1,0.000204,True,42236,1,0.0000,0.000024,0.000204,True
1h,up,0,1,583,123,0.398338,True,583,123,232.2309,0.210978,0.398338,True
1h,up,1,2,5726,447,0.147213,True,5726,447,841.3489,0.078065,0.147213,True
1h,up,2,3,5663,114,0.034914,True,5663,114,101.0679,0.020131,0.034914,True
1h,up,3,4,4559,38,0.015133,True,4559,38,4.5874,0.008335,0.015133,True
1h,up,4,7,10763,21,0.003521,True,10763,21,0.0644,0.001951,0.003565,True
1h,up,7,inf,41218,10,0.000077,False,41218,10,0.0000,0.000243,0.000206,False
4h,down,0,1,1543,498,0.480142,True,1543,498,739.0471,0.322748,0.480142,True
4h,down,1,2,2505,210,0.167505,True,2505,210,414.7611,0.083832,0.167505,True
4h,down,2,3,1952,34,0.049261,True,1952,34,34.4036,0.017418,0.049202,True
4h,down,3,4,1282,4,0.021613,True,1282,4,0.8516,0.003120,0.017913,True
4h,down,4,7,2960,1,0.003312,True,2960,1,0.0217,0.000338,0.003213,True
4h,down,7,inf,6878,0,0.000443,True,6878,0,0.0000,0.000000,0.000495,True
4h,up,0,1,1575,506,0.475277,True,1575,506,748.5609,0.321270,0.475277,True
4h,up,1,2,2553,230,0.165646,True,2553,230,419.6288,0.090090,0.165646,True
4h,up,2,3,1981,44,0.044254,True,1981,44,36.3867,0.022211,0.044254,True
4h,up,3,4,1549,15,0.017746,True,1549,15,0.9924,0.009684,0.017746,True
4h,up,4,7,3047,9,0.004578,True,3047,9,0.0172,0.002954,0.004578,True
4h,up,7,inf,6415,4,0.000830,True,6415,4,0.0000,0.000624,0.000830,True
1d,down,0,1,851,389,0.590485,True,7104,3977,4388.9326,0.559825,0.617811,True
1d,down,1,2,529,49,0.184151,True,4022,601,661.7122,0.149428,0.178197,True
1d,down,2,3,367,0,0.081173,True,2706,98,52.6867,0.036216,0.068319,True
1d,down,3,4,292,0,0.079113,True,1909,31,1.9218,0.016239,0.032315,True
1d,down,4,7,486,0,0.014776,True,3304,17,0.0268,0.005145,0.013612,True
1d,down,7,inf,323,0,0.010539,True,1411,2,0.0000,0.001417,0.005436,True
1d,up,0,1,879,409,0.579810,True,7305,4011,4426.7525,0.549076,0.611352,True
1d,up,1,2,541,65,0.191605,True,4460,561,683.6238,0.125785,0.174768,True
1d,up,2,3,416,14,0.078322,True,3004,76,49.7150,0.025300,0.060374,True
1d,up,3,4,311,5,0.055736,True,2070,18,1.5812,0.008696,0.025547,True
1d,up,4,7,513,5,0.020942,True,2636,11,0.0221,0.004173,0.010543,True
1d,up,7,inf,188,2,0.018959,True,981,2,0.0000,0.002039,0.008499,True
7d,down,0,1,1861,1272,0.711191,True,1861,1272,1323.5264,0.683503,0.728828,True
7d,down,1,2,665,127,0.226246,True,665,127,120.5657,0.190977,0.240280,True
7d,down,2,3,253,22,0.137150,True,253,22,5.4934,0.086957,0.104692,True
7d,down,3,4,94,2,0.129261,True,94,2,0.0837,0.021277,0.066540,True
7d,down,4,7,55,0,0.082724,True,55,0,0.0007,0.000000,0.061266,True
7d,down,7,inf,0,0,0.000000,True,0,0,0.0000,0.000000,0.000000,True
7d,up,0,1,1978,1189,0.706161,True,1978,1189,1341.8136,0.601112,0.734960,True
7d,up,1,2,671,100,0.280740,True,671,100,109.9622,0.149031,0.298406,True
7d,up,2,3,198,11,0.178458,True,198,11,3.8279,0.055556,0.168232,True
7d,up,3,4,61,1,0.080270,True,61,1,0.0539,0.016393,0.122808,True
7d,up,4,7,20,0,0.080270,True,20,0,0.0003,0.000000,0.117380,True
7d,up,7,inf,0,0,0.000000,True,0,0,0.0000,0.000000,0.000000,True
