coin,horizon,direction,distance,n,hits,realized,predicted_mean,realized_over_predicted,wilson_lo95,wilson_hi95,underpriced_significant,mean_sigma,k,q_floor,priced_mean,pass,oos_k_train,oos_q_train,oos_n_test,oos_realized_test,oos_priced_test,oos_pass,oos_priced_test_k_only,oos_pass_k_only
BTC,1h,down,0.010,4281,150,0.035039,0.03878681,0.903,0.030702,0.039963,False,0.4262,1.030,0.039963,0.057637,True,1.120,0.052812,2141,0.025222,0.063556,True,0.034109,True
BTC,1h,down,0.020,4281,16,0.003737,0.00170884,2.187,0.002486,0.005616,True,0.4262,3.286,0.005616,0.010684,True,3.361,0.008382,2141,0.002335,0.010996,True,0.003105,True
BTC,1h,down,0.030,4281,1,0.000234,0.00012770,1.829,0.000052,0.001046,False,0.4262,8.194,0.001046,0.002052,True,10.000,0.002092,2141,0.000000,0.002578,True,0.000536,True
BTC,1h,down,0.050,4281,1,0.000234,0.00000025,925.121,0.000052,0.001046,True,0.4262,10.000,0.001046,0.001047,True,10.000,0.002092,2141,0.000000,0.002092,True,0.000001,True
BTC,1h,down,0.075,4281,0,0.000000,0.00000000,0.000,0.000000,0.000632,False,0.4262,1.000,0.000632,0.000632,True,1.000,0.001263,2141,0.000000,0.001263,True,0.000000,True
BTC,1h,down,0.100,4281,0,0.000000,0.00000000,0.000,0.000000,0.000632,False,0.4262,1.000,0.000632,0.000632,True,1.000,0.001263,2141,0.000000,0.001263,True,0.000000,True
BTC,1h,down,0.150,4281,0,0.000000,0.00000000,0.000,0.000000,0.000632,False,0.4262,1.000,0.000632,0.000632,True,1.000,0.001263,2141,0.000000,0.001263,True,0.000000,True
BTC,1h,down,0.200,4281,0,0.000000,0.00000000,0.000,0.000000,0.000632,False,0.4262,1.000,0.000632,0.000632,True,1.000,0.001263,2141,0.000000,0.001263,True,0.000000,True
BTC,1h,up,0.010,4281,138,0.032235,0.03990396,0.808,0.028082,0.036980,False,0.4262,1.000,0.036980,0.055247,True,1.000,0.046759,2141,0.025222,0.056681,True,0.031449,True
BTC,1h,up,0.020,4281,20,0.004672,0.00185203,2.523,0.003243,0.006727,True,0.4262,3.632,0.006727,0.012753,True,3.327,0.008958,2141,0.003737,0.011771,True,0.003369,False
BTC,1h,up,0.030,4281,6,0.001402,0.00015720,8.916,0.000725,0.002708,True,0.4262,10.000,0.002708,0.004180,True,10.000,0.002820,2141,0.001868,0.003423,True,0.000673,False
BTC,1h,up,0.050,4281,1,0.000234,0.00000055,425.501,0.000052,0.001046,True,0.4262,10.000,0.001046,0.001048,True,1.000,0.001263,2141,0.000467,0.001263,True,0.000000,False
BTC,1h,up,0.075,4281,0,0.000000,0.00000000,0.000,0.000000,0.000632,False,0.4262,1.000,0.000632,0.000632,True,1.000,0.001263,2141,0.000000,0.001263,True,0.000000,True
BTC,1h,up,0.100,4281,0,0.000000,0.00000000,0.000,0.000000,0.000632,False,0.4262,1.000,0.000632,0.000632,True,1.000,0.001263,2141,0.000000,0.001263,True,0.000000,True
BTC,1h,up,0.150,4281,0,0.000000,0.00000000,0.000,0.000000,0.000632,False,0.4262,1.000,0.000632,0.000632,True,1.000,0.001263,2141,0.000000,0.001263,True,0.000000,True
BTC,1h,up,0.200,4281,0,0.000000,0.00000000,0.000,0.000000,0.000632,False,0.4262,1.000,0.000632,0.000632,True,1.000,0.001263,2141,0.000000,0.001263,True,0.000000,True
BTC,4h,down,0.010,1070,176,0.164486,0.25758446,0.639,0.146695,0.183969,False,0.4263,1.000,0.183969,0.271256,True,1.000,0.237750,535,0.121495,0.276926,True,0.237190,True
BTC,4h,down,0.020,1070,32,0.029907,0.03827836,0.781,0.022456,0.039728,False,0.4263,1.038,0.039728,0.057408,True,1.329,0.062011,535,0.014953,0.074588,True,0.039769,True
BTC,4h,down,0.030,1070,6,0.005607,0.00649743,0.863,0.002902,0.010806,False,0.4263,1.663,0.010806,0.018951,True,2.131,0.019073,535,0.001869,0.024807,True,0.008617,True
BTC,4h,down,0.050,1070,1,0.000935,0.00043784,2.135,0.000209,0.004178,False,0.4263,9.542,0.004178,0.008135,True,10.000,0.008334,535,0.000000,0.009993,True,0.001926,True
BTC,4h,down,0.075,1070,0,0.000000,0.00001171,0.000,0.000000,0.002522,False,0.4263,1.000,0.002522,0.002523,True,1.000,0.005032,535,0.000000,0.005032,True,0.000004,True
BTC,4h,down,0.100,1070,0,0.000000,0.00000015,0.000,0.000000,0.002522,False,0.4263,1.000,0.002522,0.002522,True,1.000,0.005032,535,0.000000,0.005032,True,0.000000,True
BTC,4h,down,0.150,1070,0,0.000000,0.00000000,0.000,0.000000,0.002522,False,0.4263,1.000,0.002522,0.002522,True,1.000,0.005032,535,0.000000,0.005032,True,0.000000,True
BTC,4h,down,0.200,1070,0,0.000000,0.00000000,0.000,0.000000,0.002522,False,0.4263,1.000,0.002522,0.002522,True,1.000,0.005032,535,0.000000,0.005032,True,0.000000,True
BTC,4h,up,0.010,1070,158,0.147664,0.25943854,0.569,0.130713,0.166391,False,0.4263,1.000,0.166391,0.268398,True,1.000,0.204377,535,0.119626,0.264094,True,0.239177,True
BTC,4h,up,0.020,1070,37,0.034579,0.04051898,0.853,0.026503,0.045004,False,0.4263,1.111,0.045004,0.064455,True,1.131,0.055539,535,0.029907,0.066506,True,0.036115,True
BTC,4h,up,0.030,1070,16,0.014953,0.00723488,2.067,0.009960,0.022393,True,0.4263,3.095,0.022393,0.038823,True,2.179,0.021539,535,0.018692,0.027925,True,0.009996,False
BTC,4h,up,0.050,1070,2,0.001869,0.00057052,3.276,0.000619,0.005632,True,0.4263,9.872,0.005632,0.010935,True,9.467,0.008334,535,0.001869,0.010491,True,0.002468,True
BTC,4h,up,0.075,1070,1,0.000935,0.00002459,38.012,0.000209,0.004178,True,0.4263,10.000,0.004178,0.004352,True,1.000,0.005032,535,0.001869,0.005032,True,0.000008,False
BTC,4h,up,0.100,1070,0,0.000000,0.00000073,0.000,0.000000,0.002522,False,0.4263,1.000,0.002522,0.002522,True,1.000,0.005032,535,0.000000,0.005032,True,0.000000,True
BTC,4h,up,0.150,1070,0,0.000000,0.00000000,0.000,0.000000,0.002522,False,0.4263,1.000,0.002522,0.002522,True,1.000,0.005032,535,0.000000,0.005032,True,0.000000,True
BTC,4h,up,0.200,1070,0,0.000000,0.00000000,0.000,0.000000,0.002522,False,0.4263,1.000,0.002522,0.002522,True,1.000,0.005032,535,0.000000,0.005032,True,0.000000,True
BTC,1d,down,0.010,177,94,0.531073,0.63820193,0.832,0.469372,0.591839,False,0.4285,1.000,0.591839,0.652269,True,1.044,0.683805,89,0.460674,0.699364,True,0.648564,True
BTC,1d,down,0.020,177,47,0.265537,0.35237682,0.754,0.214765,0.323368,False,0.4285,1.000,0.323368,0.383043,True,1.106,0.415969,89,0.202247,0.439135,True,0.364063,True
BTC,1d,down,0.030,177,20,0.112994,0.17262766,0.655,0.079541,0.158101,False,0.4285,1.000,0.158101,0.203266,True,1.140,0.220411,89,0.078652,0.240620,True,0.173577,True
BTC,1d,down,0.050,177,3,0.016949,0.03443310,0.492,0.006794,0.041650,False,0.4285,1.210,0.041650,0.060859,True,1.877,0.082271,89,0.000000,0.095480,True,0.047174,True
BTC,1d,down,0.075,177,0,0.000000,0.00527214,0.000,0.000000,0.015055,False,0.4285,1.000,0.015055,0.018304,True,1.000,0.029828,89,0.000000,0.030968,True,0.002726,True
BTC,1d,down,0.100,177,0,0.000000,0.00112969,0.000,0.000000,0.015055,False,0.4285,1.000,0.015055,0.015636,True,1.000,0.029828,89,0.000000,0.029828,True,0.000431,True
BTC,1d,down,0.150,177,0,0.000000,0.00005023,0.000,0.000000,0.015055,False,0.4285,1.000,0.015055,0.015055,True,1.000,0.029828,89,0.000000,0.029828,True,0.000006,True
BTC,1d,down,0.200,177,0,0.000000,0.00000094,0.000,0.000000,0.015055,False,0.4285,1.000,0.015055,0.015055,True,1.000,0.029828,89,0.000000,0.029828,True,0.000000,True
BTC,1d,up,0.010,177,94,0.531073,0.63516458,0.836,0.469372,0.591839,False,0.4285,1.000,0.591839,0.649598,True,1.016,0.662460,89,0.483146,0.677347,True,0.628737,True
BTC,1d,up,0.020,177,42,0.237288,0.35448759,0.669,0.188894,0.293592,False,0.4285,1.000,0.293592,0.373326,True,1.000,0.368684,89,0.191011,0.392379,True,0.331659,True
BTC,1d,up,0.030,177,21,0.118644,0.17906001,0.663,0.084295,0.164476,False,0.4285,1.000,0.164476,0.209547,True,1.040,0.207463,89,0.101124,0.225861,True,0.165079,True
BTC,1d,up,0.050,177,9,0.050847,0.03985664,1.276,0.029819,0.085401,False,0.4285,2.143,0.085401,0.122013,True,1.650,0.082271,89,0.067416,0.094904,True,0.049409,False
BTC,1d,up,0.075,177,3,0.016949,0.00702010,2.414,0.006794,0.041650,False,0.4285,5.933,0.041650,0.071595,True,1.000,0.029828,89,0.033708,0.031356,False,0.003889,False
BTC,1d,up,0.100,177,0,0.000000,0.00176161,0.000,0.000000,0.015055,False,0.4285,1.000,0.015055,0.016033,True,1.000,0.029828,89,0.000000,0.029851,True,0.000755,True
BTC,1d,up,0.150,177,0,0.000000,0.00015775,0.000,0.000000,0.015055,False,0.4285,1.000,0.015055,0.015055,True,1.000,0.029828,89,0.000000,0.029828,True,0.000033,True
BTC,1d,up,0.200,177,0,0.000000,0.00001259,0.000,0.000000,0.015055,False,0.4285,1.000,0.015055,0.015055,True,1.000,0.029828,89,0.000000,0.029828,True,0.000001,True
BTC,7d,down,0.010,183,158,0.863388,0.87042361,0.992,0.816303,0.899884,False,0.4646,1.034,0.899884,0.914994,True,1.081,0.949755,92,0.815217,0.957552,True,0.931413,True
BTC,7d,down,0.020,183,136,0.743169,0.74297340,1.000,0.686775,0.792478,False,0.4646,1.067,0.792478,0.822376,True,1.034,0.785110,92,0.771739,0.799498,True,0.751313,False
BTC,7d,down,0.030,183,103,0.562842,0.62205503,0.905,0.502046,0.621805,False,0.4646,1.000,0.621805,0.660909,True,1.000,0.590291,92,0.619565,0.636550,True,0.599333,False
BTC,7d,down,0.050,183,66,0.360656,0.41292709,0.873,0.304690,0.420681,False,0.4646,1.019,0.420681,0.472371,True,1.000,0.437179,92,0.369565,0.465258,True,0.383157,True
BTC,7d,down,0.075,183,34,0.185792,0.22650718,0.820,0.143202,0.237538,False,0.4646,1.049,0.237538,0.288037,True,1.000,0.250541,92,0.195652,0.278458,True,0.198930,True
BTC,7d,down,0.100,183,19,0.103825,0.11506482,0.902,0.072329,0.146865,False,0.4646,1.276,0.146865,0.192749,True,1.113,0.149375,92,0.119565,0.174379,True,0.106915,False
BTC,7d,down,0.150,183,8,0.043716,0.02539384,1.722,0.024805,0.075922,False,0.4646,2.990,0.075922,0.115793,True,3.115,0.094362,92,0.043478,0.126937,True,0.063988,True
BTC,7d,down,0.200,183,1,0.005464,0.00489424,1.117,0.001220,0.024119,False,0.4646,4.928,0.024119,0.041213,True,8.783,0.047761,92,0.000000,0.076705,True,0.038260,True
BTC,7d,up,0.010,183,156,0.852459,0.86307309,0.988,0.804211,0.890437,False,0.4646,1.032,0.890437,0.905222,True,1.051,0.915969,92,0.836957,0.923406,True,0.898475,True
BTC,7d,up,0.020,183,132,0.721311,0.73321089,0.984,0.663874,0.772300,False,0.4646,1.053,0.772300,0.800743,True,1.113,0.833470,92,0.673913,0.848384,True,0.798434,True
BTC,7d,up,0.030,183,102,0.557377,0.61384650,0.908,0.496583,0.616499,False,0.4646,1.004,0.616499,0.653673,True,1.125,0.715184,92,0.478261,0.736045,True,0.666360,True
BTC,7d,up,0.050,183,72,0.393443,0.41440179,0.949,0.336010,0.453980,False,0.4646,1.096,0.453980,0.506218,True,1.236,0.547365,92,0.326087,0.577738,True,0.477790,True
BTC,7d,up,0.075,183,42,0.229508,0.24062321,0.954,0.182539,0.284359,False,0.4646,1.182,0.284359,0.339130,True,1.291,0.345745,92,0.195652,0.378680,True,0.276103,True
BTC,7d,up,0.100,183,23,0.125683,0.13483051,0.932,0.090755,0.171518,False,0.4646,1.272,0.171518,0.218736,True,1.612,0.250541,92,0.076087,0.286397,True,0.184627,True
BTC,7d,up,0.150,183,7,0.038251,0.04067311,0.940,0.020870,0.069087,False,0.4646,1.699,0.069087,0.099726,True,2.520,0.122458,92,0.010870,0.154946,True,0.082720,True
BTC,7d,up,0.200,183,4,0.021858,0.01238506,1.765,0.009850,0.047798,False,0.4646,3.859,0.047798,0.076109,True,6.470,0.094362,92,0.000000,0.134211,True,0.066057,True
ETH,1h,down,0.010,4281,283,0.066106,0.10250545,0.645,0.060130,0.072630,False,0.5691,1.000,0.072630,0.116235,True,1.000,0.095005,2141,0.047641,0.116525,True,0.087514,True
ETH,1h,down,0.020,4281,51,0.011913,0.00657377,1.812,0.009477,0.014965,True,0.5691,2.277,0.014965,0.026291,True,2.732,0.022043,2141,0.007006,0.032786,True,0.013876,True
ETH,1h,down,0.030,4281,11,0.002569,0.00084003,3.059,0.001573,0.004194,True,0.5691,4.993,0.004194,0.008087,True,6.906,0.006022,2141,0.001868,0.011311,True,0.005581,True
ETH,1h,down,0.050,4281,2,0.000467,0.00001510,30.939,0.000155,0.001411,True,0.5691,10.000,0.001411,0.001539,True,10.000,0.002092,2141,0.000467,0.002297,True,0.000230,False
ETH,1h,down,0.075,4281,0,0.000000,0.00000005,0.000,0.000000,0.000632,False,0.5691,1.000,0.000632,0.000632,True,1.000,0.001263,2141,0.000000,0.001263,True,0.000000,True
ETH,1h,down,0.100,4281,0,0.000000,0.00000000,0.000,0.000000,0.000632,False,0.5691,1.000,0.000632,0.000632,True,1.000,0.001263,2141,0.000000,0.001263,True,0.000000,True
ETH,1h,down,0.150,4281,0,0.000000,0.00000000,0.000,0.000000,0.000632,False,0.5691,1.000,0.000632,0.000632,True,1.000,0.001263,2141,0.000000,0.001263,True,0.000000,True
ETH,1h,down,0.200,4281,0,0.000000,0.00000000,0.000,0.000000,0.000632,False,0.5691,1.000,0.000632,0.000632,True,1.000,0.001263,2141,0.000000,0.001263,True,0.000000,True
ETH,1h,up,0.010,4281,264,0.061668,0.10445548,0.590,0.055893,0.067996,False,0.5691,1.000,0.067996,0.115833,True,1.000,0.080219,2141,0.052779,0.108572,True,0.089392,True
ETH,1h,up,0.020,4281,52,0.012147,0.00706261,1.720,0.009685,0.015225,True,0.5691,2.156,0.015225,0.026530,True,2.167,0.018855,2141,0.010276,0.027734,True,0.011757,True
ETH,1h,up,0.030,4281,20,0.004672,0.00096808,4.826,0.003243,0.006727,True,0.5691,6.949,0.006727,0.012935,True,8.189,0.008382,2141,0.004204,0.015434,True,0.007474,True
ETH,1h,up,0.050,4281,5,0.001168,0.00002348,49.743,0.000569,0.002397,True,0.5691,10.000,0.002397,0.002590,True,10.000,0.002092,2141,0.001868,0.002402,True,0.000341,False
ETH,1h,up,0.075,4281,1,0.000234,0.00000018,1324.161,0.000052,0.001046,True,0.5691,10.000,0.001046,0.001047,True,1.000,0.001263,2141,0.000467,0.001263,True,0.000000,False
ETH,1h,up,0.100,4281,0,0.000000,0.00000000,0.000,0.000000,0.000632,False,0.5691,1.000,0.000632,0.000632,True,1.000,0.001263,2141,0.000000,0.001263,True,0.000000,True
ETH,1h,up,0.150,4281,0,0.000000,0.00000000,0.000,0.000000,0.000632,False,0.5691,1.000,0.000632,0.000632,True,1.000,0.001263,2141,0.000000,0.001263,True,0.000000,True
ETH,1h,up,0.200,4281,0,0.000000,0.00000000,0.000,0.000000,0.000632,False,0.5691,1.000,0.000632,0.000632,True,1.000,0.001263,2141,0.000000,0.001263,True,0.000000,True
ETH,4h,down,0.010,1070,273,0.255140,0.39077391,0.653,0.233856,0.277660,False,0.5691,1.000,0.277660,0.397095,True,1.000,0.336403,535,0.207477,0.394467,True,0.369395,True
ETH,4h,down,0.020,1070,80,0.074766,0.10154031,0.736,0.062587,0.089091,False,0.5691,1.000,0.089091,0.123395,True,1.119,0.130496,535,0.042991,0.147784,True,0.096794,True
ETH,4h,down,0.030,1070,20,0.018692,0.02308950,0.810,0.012996,0.026815,False,0.5691,1.161,0.026815,0.041098,True,1.404,0.040124,535,0.011215,0.051428,True,0.024722,True
ETH,4h,down,0.050,1070,5,0.004673,0.00209115,2.235,0.002276,0.009568,True,0.5691,4.575,0.009568,0.018054,True,6.914,0.016549,535,0.001869,0.027846,True,0.012368,True
ETH,4h,down,0.075,1070,0,0.000000,0.00015526,0.000,0.000000,0.002522,False,0.5691,1.000,0.002522,0.002617,True,1.000,0.005032,535,0.000000,0.005136,True,0.000177,True
ETH,4h,down,0.100,1070,0,0.000000,0.00000966,0.000,0.000000,0.002522,False,0.5691,1.000,0.002522,0.002525,True,1.000,0.005032,535,0.000000,0.005032,True,0.000015,True
ETH,4h,down,0.150,1070,0,0.000000,0.00000002,0.000,0.000000,0.002522,False,0.5691,1.000,0.002522,0.002522,True,1.000,0.005032,535,0.000000,0.005032,True,0.000000,True
ETH,4h,down,0.200,1070,0,0.000000,0.00000000,0.000,0.000000,0.002522,False,0.5691,1.000,0.002522,0.002522,True,1.000,0.005032,535,0.000000,0.005032,True,0.000000,True
ETH,4h,up,0.010,1070,256,0.239252,0.39142729,0.611,0.218474,0.261346,False,0.5691,1.000,0.261346,0.395244,True,1.000,0.286353,535,0.224299,0.381292,True,0.370310,True
ETH,4h,up,0.020,1070,72,0.067290,0.10545079,0.638,0.055752,0.081010,False,0.5691,1.000,0.081010,0.121716,True,1.000,0.095685,535,0.059813,0.117997,True,0.090247,True
ETH,4h,up,0.030,1070,24,0.022430,0.02542453,0.882,0.016101,0.031168,False,0.5691,1.226,0.031168,0.047050,True,1.209,0.037874,535,0.020561,0.047946,True,0.023586,True
ETH,4h,up,0.050,1070,8,0.007477,0.00255502,2.926,0.004218,0.013220,True,0.5691,5.174,0.013220,0.024694,True,4.676,0.013947,535,0.009346,0.022859,True,0.009949,True
ETH,4h,up,0.075,1070,4,0.003738,0.00025211,14.828,0.001679,0.008301,True,0.5691,10.000,0.008301,0.010480,True,10.000,0.008334,535,0.005607,0.010773,True,0.002700,False
ETH,4h,up,0.100,1070,2,0.001869,0.00002464,75.873,0.000619,0.005632,True,0.5691,10.000,0.005632,0.005799,True,1.000,0.005032,535,0.003738,0.005041,True,0.000034,False
ETH,4h,up,0.150,1070,0,0.000000,0.00000020,0.000,0.000000,0.002522,False,0.5691,1.000,0.002522,0.002522,True,1.000,0.005032,535,0.000000,0.005032,True,0.000000,True
ETH,4h,up,0.200,1070,0,0.000000,0.00000000,0.000,0.000000,0.002522,False,0.5691,1.000,0.002522,0.002522,True,1.000,0.005032,535,0.000000,0.005032,True,0.000000,True
ETH,1d,down,0.010,177,106,0.598870,0.72763905,0.823,0.537224,0.657539,False,0.5792,1.000,0.657539,0.731574,True,1.000,0.736349,89,0.539326,0.749044,True,0.714520,True
ETH,1d,down,0.020,177,71,0.401130,0.48709787,0.824,0.342461,0.462776,False,0.5792,1.000,0.462776,0.515239,True,1.109,0.564218,89,0.325843,0.584803,True,0.516030,True
ETH,1d,down,0.030,177,40,0.225989,0.30187786,0.749,0.178631,0.281597,False,0.5792,1.000,0.281597,0.335118,True,1.132,0.368684,89,0.168539,0.392319,True,0.314822,True
ETH,1d,down,0.050,177,8,0.045198,0.09787606,0.462,0.025652,0.078438,False,0.5792,1.000,0.078438,0.116812,True,1.109,0.126460,89,0.022472,0.144451,True,0.090922,True
ETH,1d,down,0.075,177,2,0.011299,0.02205291,0.512,0.003746,0.033568,False,0.5792,1.522,0.033568,0.053001,True,2.424,0.066377,89,0.000000,0.087353,True,0.040688,True
ETH,1d,down,0.100,177,1,0.005650,0.00603290,0.936,0.001261,0.024923,False,0.5792,4.131,0.024923,0.044805,True,7.115,0.049338,89,0.000000,0.080179,True,0.036582,True
ETH,1d,down,0.150,177,0,0.000000,0.00073224,0.000,0.000000,0.015055,False,0.5792,1.000,0.015055,0.015433,True,1.000,0.029828,89,0.000000,0.030413,True,0.001004,True
ETH,1d,down,0.200,177,0,0.000000,0.00010211,0.000,0.000000,0.015055,False,0.5792,1.000,0.015055,0.015063,True,1.000,0.029828,89,0.000000,0.029828,True,0.000186,True
ETH,1d,up,0.010,177,113,0.638418,0.72300411,0.883,0.577345,0.695323,False,0.5792,1.000,0.695323,0.735634,True,1.000,0.715476,89,0.640449,0.734999,True,0.710128,True
ETH,1d,up,0.020,177,68,0.384181,0.48586040,0.791,0.326217,0.445632,False,0.5792,1.000,0.445632,0.507474,True,1.000,0.473915,89,0.382022,0.505048,True,0.464880,True
ETH,1d,up,0.030,177,32,0.180791,0.30644402,0.590,0.138132,0.233061,False,0.5792,1.000,0.233061,0.320556,True,1.000,0.295947,89,0.146067,0.328055,True,0.283417,True
ETH,1d,up,0.050,177,13,0.073446,0.10742771,0.684,0.047222,0.112515,False,0.5792,1.047,0.112515,0.144791,True,1.000,0.112147,89,0.089888,0.130768,True,0.091083,True
ETH,1d,up,0.075,177,7,0.039548,0.02776730,1.424,0.021582,0.071379,False,0.5792,2.571,0.071379,0.108518,True,2.398,0.082271,89,0.044944,0.104560,True,0.051085,True
ETH,1d,up,0.100,177,1,0.005650,0.00853165,0.662,0.001261,0.024923,False,0.5792,2.921,0.024923,0.043057,True,1.000,0.029828,89,0.011236,0.034025,True,0.006795,False
ETH,1d,up,0.150,177,1,0.005650,0.00139869,4.039,0.001261,0.024923,False,0.5792,10.000,0.024923,0.036853,True,1.000,0.029828,89,0.011236,0.030817,True,0.001606,False
ETH,1d,up,0.200,177,1,0.005650,0.00031741,17.799,0.001261,0.024923,True,0.5792,10.000,0.024923,0.027401,True,1.000,0.029828,89,0.011236,0.029967,True,0.000493,False
ETH,7d,down,0.010,183,159,0.868852,0.90558643,0.959,0.822381,0.904576,False,0.6396,1.000,0.904576,0.917512,True,1.035,0.924637,92,0.858696,0.953273,True,0.950453,True
ETH,7d,down,0.020,183,142,0.775956,0.81135352,0.956,0.721449,0.822423,False,0.6396,1.014,0.822423,0.846890,True,1.059,0.833470,92,0.782609,0.890784,True,0.885076,True
ETH,7d,down,0.030,183,124,0.677596,0.71930817,0.942,0.618533,0.731483,False,0.6396,1.017,0.731483,0.766802,True,1.045,0.715184,92,0.717391,0.796438,True,0.788202,True
ETH,7d,down,0.050,183,90,0.491803,0.54858718,0.896,0.431580,0.552266,False,0.6396,1.007,0.552266,0.602870,True,1.033,0.514748,92,0.554348,0.630274,True,0.618037,True
ETH,7d,down,0.075,183,62,0.338798,0.37139674,0.912,0.283970,0.398323,False,0.6396,1.073,0.398323,0.459889,True,1.060,0.334075,92,0.423913,0.467889,True,0.452895,True
ETH,7d,down,0.100,183,42,0.229508,0.23915143,0.960,0.182539,0.284359,False,0.6396,1.189,0.284359,0.347669,True,1.136,0.213516,92,0.315217,0.344615,True,0.329258,True
ETH,7d,down,0.150,183,17,0.092896,0.08704111,1.067,0.063291,0.134364,False,0.6396,1.544,0.134364,0.183179,True,1.876,0.108592,92,0.130435,0.232729,True,0.217405,True
ETH,7d,down,0.200,183,10,0.054645,0.02705884,2.019,0.032942,0.089324,True,0.6396,3.301,0.089324,0.133907,True,6.330,0.094362,92,0.065217,0.269288,True,0.247340,True
ETH,7d,up,0.010,183,161,0.879781,0.89754826,0.980,0.834606,0.913891,False,0.6396,1.018,0.913891,0.926195,True,1.035,0.915969,92,0.891304,0.944025,True,0.941262,True
ETH,7d,up,0.020,183,132,0.721311,0.79903954,0.903,0.663874,0.772300,False,0.6396,1.000,0.772300,0.813380,True,1.062,0.823918,92,0.684783,0.879245,True,0.873738,True
ETH,7d,up,0.030,183,109,0.595628,0.70603509,0.844,0.534982,0.653489,False,0.6396,1.000,0.653489,0.722560,True,1.048,0.705007,92,0.565217,0.782143,True,0.774338,True
ETH,7d,up,0.050,183,85,0.464481,0.54067922,0.859,0.404798,0.525199,False,0.6396,1.000,0.525199,0.581029,True,1.151,0.568908,92,0.445652,0.688261,True,0.675686,True
ETH,7d,up,0.075,183,60,0.327869,0.37651973,0.871,0.273659,0.387094,False,0.6396,1.028,0.387094,0.441613,True,1.208,0.391866,92,0.347826,0.533093,True,0.517454,True
ETH,7d,up,0.100,183,38,0.207650,0.25652887,0.809,0.162765,0.261054,False,0.6396,1.018,0.261054,0.312639,True,1.383,0.286772,92,0.206522,0.439419,True,0.421812,True
ETH,7d,up,0.150,183,17,0.092896,0.11462816,0.810,0.063291,0.134364,False,0.6396,1.172,0.134364,0.175806,True,2.152,0.175477,92,0.076087,0.336671,True,0.317205,True
ETH,7d,up,0.200,183,7,0.038251,0.04997369,0.765,0.020870,0.069087,False,0.6396,1.382,0.069087,0.097402,True,2.544,0.079653,92,0.043478,0.187465,True,0.174061,True
SOL,1h,down,0.010,4281,389,0.090867,0.13399476,0.678,0.083897,0.098353,False,0.6231,1.000,0.098353,0.153298,True,1.000,0.118013,2141,0.075199,0.152488,True,0.124900,True
SOL,1h,down,0.020,4281,67,0.015651,0.01010521,1.549,0.012822,0.019091,True,0.6231,1.889,0.019091,0.031547,True,1.911,0.025722,2141,0.011210,0.031725,True,0.012901,True
SOL,1h,down,0.030,4281,17,0.003971,0.00114955,3.454,0.002673,0.005896,True,0.6231,5.129,0.005896,0.011111,True,4.613,0.008382,2141,0.002802,0.010037,True,0.002225,False
SOL,1h,down,0.050,4281,2,0.000467,0.00001774,26.338,0.000155,0.001411,True,0.6231,10.000,0.001411,0.001559,True,10.000,0.002092,2141,0.000467,0.002129,True,0.000050,False
SOL,1h,down,0.075,4281,1,0.000234,0.00000002,9965.316,0.000052,0.001046,True,0.6231,10.000,0.001046,0.001046,True,1.000,0.001263,2141,0.000467,0.001263,True,0.000000,False
SOL,1h,down,0.100,4281,1,0.000234,0.00000000,49272557.929,0.000052,0.001046,True,0.6231,10.000,0.001046,0.001046,True,1.000,0.001263,2141,0.000467,0.001263,True,0.000000,False
SOL,1h,down,0.150,4281,0,0.000000,0.00000000,0.000,0.000000,0.000632,False,0.6231,1.000,0.000632,0.000632,True,1.000,0.001263,2141,0.000000,0.001263,True,0.000000,True
SOL,1h,down,0.200,4281,0,0.000000,0.00000000,0.000,0.000000,0.000632,False,0.6231,1.000,0.000632,0.000632,True,1.000,0.001263,2141,0.000000,0.001263,True,0.000000,True
SOL,1h,up,0.010,4281,366,0.085494,0.13602340,0.629,0.078724,0.092788,False,0.6231,1.000,0.092788,0.152784,True,1.000,0.107754,2141,0.074264,0.149893,True,0.126944,True
SOL,1h,up,0.020,4281,79,0.018454,0.01090669,1.692,0.015362,0.022154,True,0.6231,2.031,0.022154,0.036280,True,1.934,0.027809,2141,0.014946,0.034293,True,0.014374,False
SOL,1h,up,0.030,4281,20,0.004672,0.00132947,3.514,0.003243,0.006727,True,0.6231,5.060,0.006727,0.012599,True,3.464,0.007215,2141,0.005138,0.008673,True,0.001998,False
SOL,1h,up,0.050,4281,2,0.000467,0.00002897,16.124,0.000155,0.001411,True,0.6231,10.000,0.001411,0.001665,True,10.000,0.002092,2141,0.000467,0.002158,True,0.000084,False
SOL,1h,up,0.075,4281,0,0.000000,0.00000010,0.000,0.000000,0.000632,False,0.6231,1.000,0.000632,0.000632,True,1.000,0.001263,2141,0.000000,0.001263,True,0.000000,True
SOL,1h,up,0.100,4281,0,0.000000,0.00000000,0.000,0.000000,0.000632,False,0.6231,1.000,0.000632,0.000632,True,1.000,0.001263,2141,0.000000,0.001263,True,0.000000,True
SOL,1h,up,0.150,4281,0,0.000000,0.00000000,0.000,0.000000,0.000632,False,0.6231,1.000,0.000632,0.000632,True,1.000,0.001263,2141,0.000000,0.001263,True,0.000000,True
SOL,1h,up,0.200,4281,0,0.000000,0.00000000,0.000,0.000000,0.000632,False,0.6231,1.000,0.000632,0.000632,True,1.000,0.001263,2141,0.000000,0.001263,True,0.000000,True
SOL,4h,down,0.010,1070,327,0.305607,0.42903904,0.712,0.282957,0.329238,False,0.6231,1.000,0.329238,0.444124,True,1.000,0.366986,535,0.278505,0.449962,True,0.416954,True
SOL,4h,down,0.020,1070,110,0.102804,0.13302415,0.773,0.088520,0.119091,False,0.6231,1.000,0.119091,0.161957,True,1.144,0.162696,535,0.069159,0.188412,True,0.141784,True
SOL,4h,down,0.030,1070,34,0.031776,0.03541693,0.897,0.024069,0.041844,False,0.6231,1.181,0.041844,0.061054,True,1.493,0.062011,535,0.018692,0.074705,True,0.043726,True
SOL,4h,down,0.050,1070,4,0.003738,0.00297596,1.256,0.001679,0.008301,False,0.6231,2.789,0.008301,0.014943,True,2.501,0.011233,535,0.003738,0.013521,True,0.003651,False
SOL,4h,down,0.075,1070,1,0.000935,0.00021963,4.255,0.000209,0.004178,False,0.6231,10.000,0.004178,0.006180,True,1.000,0.005032,535,0.001869,0.005058,True,0.000065,False
SOL,4h,down,0.100,1070,0,0.000000,0.00001270,0.000,0.000000,0.002522,False,0.6231,1.000,0.002522,0.002523,True,1.000,0.005032,535,0.000000,0.005032,True,0.000003,True
SOL,4h,down,0.150,1070,0,0.000000,0.00000001,0.000,0.000000,0.002522,False,0.6231,1.000,0.002522,0.002522,True,1.000,0.005032,535,0.000000,0.005032,True,0.000000,True
SOL,4h,down,0.200,1070,0,0.000000,0.00000000,0.000,0.000000,0.002522,False,0.6231,1.000,0.002522,0.002522,True,1.000,0.005032,535,0.000000,0.005032,True,0.000000,True
SOL,4h,up,0.010,1070,314,0.293458,0.42916455,0.684,0.271105,0.316853,False,0.6231,1.000,0.316853,0.441116,True,1.000,0.345977,535,0.274766,0.444380,True,0.417214,True
SOL,4h,up,0.020,1070,97,0.090654,0.13708983,0.661,0.077230,0.106143,False,0.6231,1.000,0.106143,0.158470,True,1.000,0.130496,535,0.074766,0.159986,True,0.127991,True
SOL,4h,up,0.030,1070,46,0.042991,0.03866662,1.112,0.033892,0.054395,False,0.6231,1.407,0.054395,0.078433,True,1.430,0.064154,535,0.039252,0.077099,True,0.046451,True
SOL,4h,up,0.050,1070,12,0.011215,0.00369705,3.033,0.007017,0.017878,True,0.6231,4.836,0.017878,0.031712,True,3.495,0.019073,535,0.013084,0.023067,True,0.006767,False
SOL,4h,up,0.075,1070,0,0.000000,0.00035279,0.000,0.000000,0.002522,False,0.6231,1.000,0.002522,0.002783,True,1.000,0.005032,535,0.000000,0.005083,True,0.000113,True
SOL,4h,up,0.100,1070,0,0.000000,0.00003438,0.000,0.000000,0.002522,False,0.6231,1.000,0.002522,0.002529,True,1.000,0.005032,535,0.000000,0.005032,True,0.000009,True
SOL,4h,up,0.150,1070,0,0.000000,0.00000017,0.000,0.000000,0.002522,False,0.6231,1.000,0.002522,0.002522,True,1.000,0.005032,535,0.000000,0.005032,True,0.000000,True
SOL,4h,up,0.200,1070,0,0.000000,0.00000000,0.000,0.000000,0.002522,False,0.6231,1.000,0.002522,0.002522,True,1.000,0.005032,535,0.000000,0.005032,True,0.000000,True
SOL,1d,down,0.010,177,122,0.689266,0.74629050,0.924,0.629559,0.743273,False,0.6268,1.000,0.743273,0.771017,True,1.031,0.777477,89,0.674157,0.795862,True,0.762078,True
SOL,1d,down,0.020,177,79,0.446328,0.51931449,0.859,0.386135,0.508137,False,0.6268,1.000,0.508137,0.558140,True,1.062,0.564218,89,0.415730,0.595565,True,0.539090,True
SOL,1d,down,0.030,177,46,0.259887,0.33945321,0.766,0.209568,0.317436,False,0.6268,1.000,0.317436,0.378799,True,1.148,0.404230,89,0.202247,0.441301,True,0.375512,True
SOL,1d,down,0.050,177,13,0.073446,0.12577672,0.584,0.047222,0.112515,False,0.6268,1.000,0.112515,0.154608,True,1.138,0.154239,89,0.056180,0.177622,True,0.132091,True
SOL,1d,down,0.075,177,2,0.011299,0.03108179,0.364,0.003746,0.033568,False,0.6268,1.080,0.033568,0.049662,True,1.768,0.066377,89,0.000000,0.078668,True,0.043631,True
SOL,1d,down,0.100,177,2,0.011299,0.00744618,1.517,0.003746,0.033568,False,0.6268,4.508,0.033568,0.056214,True,6.288,0.066377,89,0.000000,0.078142,True,0.027479,True
SOL,1d,down,0.150,177,0,0.000000,0.00052788,0.000,0.000000,0.015055,False,0.6268,1.000,0.015055,0.015237,True,1.000,0.029828,89,0.000000,0.029828,True,0.000128,True
SOL,1d,down,0.200,177,0,0.000000,0.00003661,0.000,0.000000,0.015055,False,0.6268,1.000,0.015055,0.015055,True,1.000,0.029828,89,0.000000,0.029828,True,0.000002,True
SOL,1d,up,0.010,177,121,0.683616,0.74130497,0.922,0.623721,0.737982,False,0.6268,1.000,0.737982,0.765425,True,1.038,0.777477,89,0.662921,0.795645,True,0.762254,True
SOL,1d,up,0.020,177,71,0.401130,0.51706636,0.776,0.342461,0.462776,False,0.6268,1.000,0.462776,0.540572,True,1.000,0.508114,89,0.382022,0.549466,True,0.505628,True
SOL,1d,up,0.030,177,47,0.265537,0.34280039,0.775,0.214765,0.323368,False,0.6268,1.000,0.323368,0.381829,True,1.005,0.356722,89,0.258427,0.388294,True,0.332230,True
SOL,1d,up,0.050,177,22,0.124294,0.13586860,0.915,0.089076,0.170824,False,0.6268,1.257,0.170824,0.216848,True,1.336,0.194388,89,0.123596,0.222882,True,0.168758,True
SOL,1d,up,0.075,177,9,0.050847,0.03903486,1.303,0.029819,0.085401,False,0.6268,2.188,0.085401,0.122689,True,1.799,0.082271,89,0.067416,0.097206,True,0.058304,False
SOL,1d,up,0.100,177,2,0.011299,0.01132270,0.998,0.003746,0.033568,False,0.6268,2.965,0.033568,0.053952,True,1.000,0.029828,89,0.022472,0.031453,True,0.007529,False
SOL,1d,up,0.150,177,0,0.000000,0.00125533,0.000,0.000000,0.015055,False,0.6268,1.000,0.015055,0.015536,True,1.000,0.029828,89,0.000000,0.029828,True,0.000449,True
SOL,1d,up,0.200,177,0,0.000000,0.00018672,0.000,0.000000,0.015055,False,0.6268,1.000,0.015055,0.015055,True,1.000,0.029828,89,0.000000,0.029828,True,0.000030,True
SOL,7d,down,0.010,182,163,0.895604,0.92803752,0.965,0.852351,0.927268,False,0.8153,1.000,0.927268,0.936006,True,1.000,0.915016,92,0.923913,0.929143,True,0.922824,False
SOL,7d,down,0.020,182,147,0.807692,0.85551196,0.944,0.755274,0.851097,False,0.8153,1.000,0.851097,0.870141,True,1.000,0.850683,92,0.826087,0.866490,True,0.845205,True
SOL,7d,down,0.030,182,132,0.725275,0.78331080,0.926,0.667850,0.776100,False,0.8153,1.000,0.776100,0.804564,True,1.000,0.792528,92,0.728261,0.808833,True,0.768251,True
SOL,7d,down,0.050,182,110,0.604396,0.64332473,0.939,0.543666,0.662067,False,0.8153,1.029,0.662067,0.701069,True,1.037,0.691213,92,0.597826,0.714558,True,0.643415,True
SOL,7d,down,0.075,182,78,0.428571,0.48421584,0.885,0.369715,0.489520,False,0.8153,1.011,0.489520,0.539153,True,1.000,0.508900,92,0.434783,0.540483,True,0.456220,True
SOL,7d,down,0.100,182,62,0.340659,0.35001863,0.973,0.285587,0.400400,False,0.8153,1.144,0.400400,0.461173,True,1.136,0.430289,92,0.336957,0.469061,True,0.365569,True
SOL,7d,down,0.150,182,25,0.137363,0.16396768,0.838,0.100676,0.184673,False,0.8153,1.126,0.184673,0.234884,True,1.104,0.203084,92,0.141304,0.237629,True,0.159335,True
SOL,7d,down,0.200,182,13,0.071429,0.06802328,1.050,0.045911,0.109502,False,0.8153,1.610,0.109502,0.153709,True,1.589,0.123764,92,0.076087,0.156932,True,0.092724,True
SOL,7d,up,0.010,182,169,0.928571,0.91955865,1.010,0.890498,0.954089,False,0.8153,1.038,0.954089,0.962539,True,1.052,0.972699,92,0.913043,0.977632,True,0.961828,True
SOL,7d,up,0.020,182,153,0.840659,0.84152528,0.999,0.791094,0.880245,False,0.8153,1.046,0.880245,0.896853,True,1.064,0.906124,92,0.826087,0.915889,True,0.884794,True
SOL,7d,up,0.030,182,132,0.725275,0.76658662,0.946,0.667850,0.776100,False,0.8153,1.012,0.776100,0.799372,True,1.065,0.831557,92,0.684783,0.845791,True,0.800910,True
SOL,7d,up,0.050,182,104,0.571429,0.62811953,0.910,0.510480,0.630285,False,0.8153,1.003,0.630285,0.665140,True,1.064,0.691213,92,0.532609,0.713108,True,0.646070,True
SOL,7d,up,0.075,182,81,0.445055,0.47967223,0.928,0.385707,0.506013,False,0.8153,1.055,0.506013,0.552480,True,1.242,0.628236,92,0.347826,0.661678,True,0.564324,True
SOL,7d,up,0.100,182,61,0.335165,0.35967621,0.932,0.280397,0.394762,False,0.8153,1.098,0.394762,0.447103,True,1.317,0.508900,92,0.250000,0.548658,True,0.439573,True
SOL,7d,up,0.150,182,37,0.203297,0.19495393,1.043,0.158741,0.256544,False,0.8153,1.316,0.256544,0.313621,True,1.617,0.349328,92,0.141304,0.396859,True,0.281901,True
SOL,7d,up,0.200,182,22,0.120879,0.10314155,1.172,0.086590,0.166275,False,0.8153,1.612,0.166275,0.218704,True,2.062,0.240800,92,0.076087,0.289257,True,0.185195,True
HYPE,1h,down,0.010,4278,856,0.200094,0.28502986,0.702,0.190223,0.210343,False,0.9129,1.000,0.210343,0.308754,True,1.000,0.266552,2141,0.149463,0.295953,True,0.245004,True
HYPE,1h,down,0.020,4278,202,0.047218,0.05436151,0.869,0.042164,0.052845,False,0.9129,1.000,0.052845,0.079000,True,1.000,0.074877,2141,0.028958,0.082198,True,0.032609,True
HYPE,1h,down,0.030,4278,53,0.012389,0.00986755,1.256,0.009899,0.015495,True,0.9129,1.570,0.015495,0.025588,True,1.531,0.022603,2141,0.007473,0.027501,True,0.007618,True
HYPE,1h,down,0.050,4278,4,0.000935,0.00046613,2.006,0.000420,0.002081,False,0.9129,4.465,0.002081,0.003966,True,7.326,0.003507,2141,0.000467,0.006702,True,0.003322,True
HYPE,1h,down,0.075,4278,2,0.000468,0.00001802,25.945,0.000155,0.001412,True,0.9129,10.000,0.001412,0.001572,True,10.000,0.002095,2141,0.000467,0.002367,True,0.000291,False
HYPE,1h,down,0.100,4278,1,0.000234,0.00000059,394.066,0.000052,0.001047,True,0.9129,10.000,0.001047,0.001051,True,1.000,0.001264,2141,0.000467,0.001264,True,0.000001,False
HYPE,1h,down,0.150,4278,0,0.000000,0.00000000,0.000,0.000000,0.000632,False,0.9129,1.000,0.000632,0.000632,True,1.000,0.001264,2141,0.000000,0.001264,True,0.000000,True
HYPE,1h,down,0.200,4278,0,0.000000,0.00000000,0.000,0.000000,0.000632,False,0.9129,1.000,0.000632,0.000632,True,1.000,0.001264,2141,0.000000,0.001264,True,0.000000,True
HYPE,1h,up,0.010,4278,806,0.188406,0.28656270,0.657,0.178770,0.198435,False,0.9129,1.000,0.198435,0.305583,True,1.000,0.264644,2141,0.127978,0.295441,True,0.246958,True
HYPE,1h,up,0.020,4278,191,0.044647,0.05698465,0.783,0.039735,0.050135,False,0.9129,1.000,0.050135,0.078867,True,1.000,0.078845,2141,0.020084,0.086178,True,0.034711,True
HYPE,1h,up,0.030,4278,47,0.010986,0.01110408,0.989,0.008657,0.013934,False,0.9129,1.255,0.013934,0.022856,True,1.420,0.023658,2141,0.003737,0.028427,True,0.007884,True
HYPE,1h,up,0.050,4278,4,0.000935,0.00061587,1.518,0.000420,0.002081,False,0.9129,3.379,0.002081,0.003922,True,4.186,0.002824,2141,0.000934,0.005048,True,0.002333,True
HYPE,1h,up,0.075,4278,1,0.000234,0.00003293,7.098,0.000052,0.001047,True,0.9129,10.000,0.001047,0.001351,True,1.000,0.001264,2141,0.000467,0.001304,True,0.000049,False
HYPE,1h,up,0.100,4278,1,0.000234,0.00000196,119.035,0.000052,0.001047,True,0.9129,10.000,0.001047,0.001062,True,1.000,0.001264,2141,0.000467,0.001265,True,0.000004,False
HYPE,1h,up,0.150,4278,1,0.000234,0.00000000,65619.619,0.000052,0.001047,True,0.9129,10.000,0.001047,0.001047,True,1.000,0.001264,2141,0.000467,0.001264,True,0.000000,False
HYPE,1h,up,0.200,4278,0,0.000000,0.00000000,0.000,0.000000,0.000632,False,0.9129,1.000,0.000632,0.000632,True,1.000,0.001264,2141,0.000000,0.001264,True,0.000000,True
HYPE,4h,down,0.010,1069,522,0.488307,0.58170171,0.839,0.463221,0.513452,False,0.9133,1.000,0.513452,0.600143,True,1.000,0.589324,535,0.422430,0.607120,True,0.553343,True
HYPE,4h,down,0.020,1069,211,0.197381,0.28429423,0.694,0.178132,0.218158,False,0.9133,1.000,0.218158,0.311129,True,1.000,0.284938,535,0.142056,0.307960,True,0.244848,True
HYPE,4h,down,0.030,1069,88,0.082320,0.12532924,0.657,0.069524,0.097224,False,0.9133,1.000,0.097224,0.152055,True,1.000,0.138845,535,0.050467,0.152500,True,0.091920,True
HYPE,4h,down,0.050,1069,17,0.015903,0.02220512,0.716,0.010722,0.023528,False,0.9133,1.060,0.023528,0.037218,True,1.295,0.042439,535,0.003738,0.049077,True,0.015076,True
HYPE,4h,down,0.075,1069,2,0.001871,0.00270274,0.692,0.000619,0.005638,False,0.9133,2.086,0.005638,0.009873,True,2.349,0.008350,535,0.001869,0.012207,True,0.004354,True
HYPE,4h,down,0.100,1069,1,0.000935,0.00044081,2.122,0.000209,0.004182,False,0.9133,9.487,0.004182,0.008028,True,1.000,0.005041,535,0.001869,0.005418,True,0.000477,False
HYPE,4h,down,0.150,1069,0,0.000000,0.00001691,0.000,0.000000,0.002525,False,0.9133,1.000,0.002525,0.002533,True,1.000,0.005041,535,0.000000,0.005050,True,0.000029,True
HYPE,4h,down,0.200,1069,0,0.000000,0.00000046,0.000,0.000000,0.002525,False,0.9133,1.000,0.002525,0.002525,True,1.000,0.005041,535,0.000000,0.005041,True,0.000001,True
HYPE,4h,up,0.010,1069,521,0.487371,0.57958841,0.841,0.462289,0.512518,False,0.9133,1.000,0.512518,0.597753,True,1.000,0.593021,535,0.416822,0.608516,True,0.551721,True
HYPE,4h,up,0.020,1069,217,0.202993,0.28736105,0.706,0.183520,0.223967,False,0.9133,1.000,0.223967,0.314492,True,1.000,0.310076,535,0.128972,0.327163,True,0.248742,True
HYPE,4h,up,0.030,1069,97,0.090739,0.13100251,0.693,0.077303,0.106241,False,0.9133,1.000,0.106241,0.159920,True,1.000,0.154972,535,0.052336,0.167101,True,0.097651,True
HYPE,4h,up,0.050,1069,20,0.018709,0.02602665,0.719,0.013009,0.026840,False,0.9133,1.031,0.026840,0.041855,True,1.172,0.044666,535,0.007477,0.050966,True,0.016358,True
HYPE,4h,up,0.075,1069,5,0.004677,0.00383017,1.221,0.002279,0.009577,False,0.9133,2.500,0.009577,0.016398,True,2.635,0.013973,535,0.003738,0.019173,True,0.006218,True
HYPE,4h,up,0.100,1069,2,0.001871,0.00074951,2.496,0.000619,0.005638,False,0.9133,7.522,0.005638,0.010590,True,10.000,0.008350,535,0.001869,0.015036,True,0.007022,True
HYPE,4h,up,0.150,1069,1,0.000935,0.00005262,17.777,0.000209,0.004182,True,0.9133,10.000,0.004182,0.004630,True,1.000,0.005041,535,0.001869,0.005088,True,0.000080,False
HYPE,4h,up,0.200,1069,0,0.000000,0.00000456,0.000,0.000000,0.002525,False,0.9133,1.000,0.002525,0.002525,True,1.000,0.005041,535,0.000000,0.005041,True,0.000008,True
HYPE,1d,down,0.010,177,137,0.774011,0.82406345,0.939,0.718403,0.821369,False,0.9190,1.000,0.821369,0.843635,True,1.036,0.866462,89,0.741573,0.873067,True,0.841340,True
HYPE,1d,down,0.020,177,92,0.519774,0.65590215,0.792,0.458173,0.580779,False,0.9190,1.000,0.580779,0.667807,True,1.000,0.619233,89,0.505618,0.659551,True,0.633085,True
HYPE,1d,down,0.030,177,69,0.389831,0.50508635,0.772,0.331624,0.451355,False,0.9190,1.000,0.451355,0.533745,True,1.000,0.485361,89,0.382022,0.519567,True,0.474054,True
HYPE,1d,down,0.050,177,28,0.158192,0.27553331,0.574,0.118267,0.208409,False,0.9190,1.000,0.208409,0.302270,True,1.000,0.258594,89,0.134831,0.289937,True,0.237904,True
HYPE,1d,down,0.075,177,8,0.045198,0.11648125,0.388,0.025652,0.078438,False,0.9190,1.000,0.078438,0.136997,True,1.000,0.140473,89,0.011236,0.153303,True,0.085724,True
HYPE,1d,down,0.100,177,3,0.016949,0.04651006,0.364,0.006794,0.041650,False,0.9190,1.000,0.041650,0.066351,True,1.272,0.082271,89,0.000000,0.092655,True,0.036348,True
HYPE,1d,down,0.150,177,1,0.005650,0.00703683,0.803,0.001261,0.024923,False,0.9190,3.542,0.024923,0.041681,True,5.168,0.049338,89,0.000000,0.067356,True,0.023541,True
HYPE,1d,down,0.200,177,0,0.000000,0.00128435,0.000,0.000000,0.015055,False,0.9190,1.000,0.015055,0.015784,True,1.000,0.029828,89,0.000000,0.030804,True,0.001434,True
HYPE,1d,up,0.010,177,140,0.790960,0.81760914,0.967,0.736495,0.836665,False,0.9190,1.023,0.836665,0.857531,True,1.090,0.903941,89,0.730337,0.910755,True,0.878034,True
HYPE,1d,up,0.020,177,105,0.593220,0.64923806,0.914,0.531526,0.652108,False,0.9190,1.004,0.652108,0.689563,True,1.143,0.767276,89,0.494382,0.780173,True,0.716721,True
HYPE,1d,up,0.030,177,78,0.440678,0.50232092,0.877,0.380648,0.502495,False,0.9190,1.000,0.502495,0.551230,True,1.122,0.597357,89,0.370787,0.613577,True,0.530641,True
HYPE,1d,up,0.050,177,48,0.271186,0.28341640,0.957,0.219973,0.329289,False,0.9190,1.162,0.329289,0.392738,True,1.375,0.439295,89,0.191011,0.460586,True,0.340479,True
HYPE,1d,up,0.075,177,22,0.124294,0.13056163,0.952,0.089076,0.170824,False,0.9190,1.308,0.170824,0.226523,True,1.599,0.258594,89,0.067416,0.277678,True,0.159583,True
HYPE,1d,up,0.100,177,9,0.050847,0.05929316,0.858,0.029819,0.085401,False,0.9190,1.440,0.085401,0.123696,True,1.926,0.154239,89,0.011236,0.170717,True,0.074639,True
HYPE,1d,up,0.150,177,3,0.016949,0.01278119,1.326,0.006794,0.041650,False,0.9190,3.259,0.041650,0.067497,True,3.627,0.066377,89,0.011236,0.081777,True,0.026573,True
HYPE,1d,up,0.200,177,1,0.005650,0.00320402,1.763,0.001261,0.024923,False,0.9190,7.779,0.024923,0.042759,True,1.000,0.029828,89,0.011236,0.031385,True,0.002476,False
HYPE,7d,down,0.010,90,85,0.944444,0.94531080,0.999,0.890248,0.972699,False,1.0325,1.029,0.972699,0.978560,True,,,,,,,,
HYPE,7d,down,0.020,90,74,0.822222,0.88990605,0.924,0.746831,0.878806,False,1.0325,1.000,0.878806,0.897288,True,,,,,,,,
HYPE,7d,down,0.030,90,73,0.811111,0.83417308,0.972,0.734550,0.869513,False,1.0325,1.042,0.869513,0.887225,True,,,,,,,,
HYPE,7d,down,0.050,90,61,0.677778,0.72332139,0.937,0.592586,0.752593,False,1.0325,1.040,0.752593,0.781124,True,,,,,,,,
HYPE,7d,down,0.075,90,51,0.566667,0.58994153,0.961,0.480044,0.649398,False,1.0325,1.101,0.649398,0.691225,True,,,,,,,,
HYPE,7d,down,0.100,90,41,0.455556,0.46736452,0.975,0.371764,0.541941,False,1.0325,1.160,0.541941,0.593967,True,,,,,,,,
HYPE,7d,down,0.150,90,24,0.266667,0.26869110,0.992,0.197624,0.349328,False,1.0325,1.300,0.349328,0.409665,True,,,,,,,,
HYPE,7d,down,0.200,90,16,0.177778,0.13762630,1.292,0.121194,0.253169,False,1.0325,1.840,0.253169,0.319987,True,,,,,,,,
HYPE,7d,up,0.010,90,81,0.900000,0.93649150,0.961,0.835763,0.940889,False,1.0325,1.005,0.940889,0.946499,True,,,,,,,,
HYPE,7d,up,0.020,90,76,0.844444,0.87459563,0.966,0.771665,0.897119,False,1.0325,1.026,0.897119,0.908357,True,,,,,,,,
HYPE,7d,up,0.030,90,70,0.777778,0.81460770,0.955,0.698187,0.841155,False,1.0325,1.033,0.841155,0.857706,True,,,,,,,,
HYPE,7d,up,0.050,90,59,0.655556,0.70133127,0.935,0.569711,0.732321,False,1.0325,1.044,0.732321,0.758428,True,,,,,,,,
HYPE,7d,up,0.075,90,48,0.533333,0.57407277,0.929,0.447128,0.617593,False,1.0325,1.076,0.617593,0.653686,True,,,,,,,,
HYPE,7d,up,0.100,90,37,0.411111,0.46399905,0.886,0.329609,0.497802,False,1.0325,1.073,0.497802,0.539584,True,,,,,,,,
HYPE,7d,up,0.150,90,25,0.277778,0.29420646,0.944,0.207472,0.361055,False,1.0325,1.227,0.361055,0.411866,True,,,,,,,,
HYPE,7d,up,0.200,90,19,0.211111,0.18144562,1.163,0.149317,0.289767,False,1.0325,1.597,0.289767,0.348162,True,,,,,,,,
